transaction_amount,processing_time,merchant_id,success_rate
193.52465823520762,1.3330981797737884,28,0.5375524198066781
475.8500101408589,2.9385542632026116,7,0.754617960544135
368.6770314875885,4.428256261443837,35,0.4421886435733207
303.3426572565479,3.7950119888430254,28,0.4388651763527867
86.44913381679389,4.129525165376524,14,0.20460697448131154
86.4373149647393,3.464525150198228,10,0.183043144055878
38.460969962417735,3.615244540330336,16,0.22889210530039758
434.4263114297182,4.321380432043936,16,0.49850005389855157
304.54635575417234,1.6235060398663368,31,0.6757197826295993
356.95556312006227,2.702412336394132,42,0.5331214678286413
20.086402204943198,1.49544248818821,25,0.29285421508531895
485.2558275593772,4.944506035984912,13,0.5316997068621375
417.8968939922066,4.74826702858976,6,0.4618906674381065
114.04616423235531,0.6774206511582765,44,0.5012015213986522
99.09423393147931,3.675088276320598,9,0.18810225223568477
99.86820982818257,4.663617428370496,45,0.18977820621187147
159.0786990501735,1.3125890530730009,36,0.46834919909950695
267.13065149979656,3.0557535374868325,43,0.5436889454139114
221.65305913463672,4.619697339146188,20,0.21465228848762447
152.70227869704053,0.6527569036360947,18,0.6193461846138503
309.8079184139659,3.6383912026107796,43,0.4295378743654388
78.3519917195005,1.8380705331764784,21,0.42470430995596975
153.15087778225688,4.6597828791943865,4,0.15996688975710863
189.51730321390895,4.869762103244155,33,0.19440144758587868
233.47429226634762,4.749199201010453,27,0.26060033093508844
394.73622108257666,2.633963974958587,7,0.5812304507976443
107.84015325759627,4.379191929451911,6,0.20696217758341157
261.9748748226697,4.300472293407816,15,0.30626696715830876
300.2831387424008,1.9359521295946505,18,0.5952579300159349
32.760702232798884,4.230119633678048,32,0.06003127013456853
307.6969774317048,0.6665343562197168,11,0.6129268588699677
93.55682060677285,3.1832144531692386,20,0.26568398715984054
41.87528056278696,1.5350397677946637,24,0.5090020748639664
474.9539132541333,1.0425509859977546,15,0.909929029049259
483.1596962065341,0.8462894073314412,48,0.8975677364866703
406.11470057706595,3.633299491451629,7,0.5296402099714896
159.26074689495164,2.0294373369562977,21,0.4574403078399242
57.859335863128095,3.7614504718794266,42,0.2090702444339459
345.2741829909569,0.7941035335952407,26,0.7068231888659906
225.67472193240465,1.9188065202377464,44,0.5895101546420737
69.79873507394163,2.9277108156890175,14,0.31279671927710206
252.6366859545224,4.058254241775336,37,0.3827205480623856
26.850375346457014,1.9343862631943147,21,0.35533553596751194
455.5669970186032,3.316511193966541,18,0.6248967105066486
136.8021909840083,4.486899867062842,5,0.22175526607606502
334.63591933345117,3.2713843468203705,3,0.537088191338483
162.73842728381138,1.548317636391352,23,0.490204628097625
264.8333303771273,0.6098035170044211,26,0.6751728900318401
277.888036878207,4.415444932554184,37,0.34143635838588804
100.57868320750825,0.5957123488267422,24,0.6184584558995934
485.0964676046337,4.4361575270788975,49,0.4795253611140488
389.8150834469461,2.8802171031224537,19,0.5284171098470787
470.35448136645266,4.725804643308033,25,0.5060120590974753
448.4654017095479,4.094524560981494,21,0.5415573307041994
302.9709896174317,4.990703497400019,12,0.31256772309595027
461.71837516132723,2.0782031695326957,41,0.7660957181034826
53.36132600544055,3.952347300190071,33,0.14696648325469316
106.03160258538115,2.3086891112415895,4,0.4496558633913263
32.16137156616365,2.6594402913675896,42,0.18617214350557887
169.41186207399952,3.323774584482665,7,0.2956095523867207
200.45187194784617,4.431547013838524,22,0.2521344325565414
142.961025569209,4.928375611396828,33,0.06796402387181781
416.0813794844454,3.957230362390332,17,0.5115656230238086
184.80913007985873,2.379950519753002,24,0.5298875863909593
147.65790974681659,2.396106510246816,34,0.40909158313693306
275.92108074754174,3.8191203571500116,28,0.40554409031847477
79.0528702376337,1.5744971559573604,43,0.3585949163832687
403.07652056947944,0.997133509091276,41,0.772545099258378
46.5298154030877,2.0957997093834946,39,0.31819002544854147
493.57459893425346,1.7925754624433679,22,0.798431297852105
388.39993695536214,1.8333865420519553,49,0.769143472500355
107.37068395174448,1.5512348797245947,17,0.48013174901554134
12.705837390565176,0.6894193533636285,34,0.38819100420735075
409.5760999428687,0.5804327063003621,6,0.8638580682344327
356.3600984853324,4.944750753812142,46,0.38679611052895746
367.21351234008375,2.4249791018113807,6,0.681723054085009
387.92246987611344,2.2294699122185673,34,0.7440025129826755
46.281879349704276,3.5584127721188143,1,0.13968589254642944
185.64820698669357,1.4821424953927886,10,0.4968910818868978
66.77583916731356,4.774825327776014,21,0.026414413443981294
432.9206786790408,4.038552564869985,5,0.5173644292366932
315.41608214550337,0.9023495104051678,2,0.7484990498273033
172.1400321777981,2.379113491032178,22,0.4835954089040355
41.143591640151584,4.456032384029741,48,0.09174280205505132
162.38133764067447,4.7512941003113465,2,0.1712595514467976
169.33982779310605,2.6033068006244138,10,0.4165970473431017
367.5070273856514,3.2603512514481845,34,0.4997147571593317
322.40316096405445,1.2516527574143386,16,0.8017148213073593
444.7342438624,4.960258817616395,48,0.3683253107448576
241.38531332935514,1.5425226562254952,39,0.5963700766515917
68.60118050976783,4.742292983608065,22,0.19555219311044328
359.48994573926757,3.423409920465658,12,0.5174889459207016
382.78467382227973,3.234815576954866,24,0.5498011643767184
285.02582680905317,2.807098299574289,47,0.48644372571110295
387.77391817773486,1.538014152729914,40,0.724952918816623
251.95984221855147,1.2943761440247872,38,0.6911646515498993
266.1390863971771,1.4921879408157892,10,0.5063271967491229
219.49509899568932,1.3389721796491454,35,0.662269566095591
22.455372104606642,4.00813013105039,49,0.050444501377060455
62.86679922671918,2.0755636662502854,32,0.34197781613996997
25.400300986499783,0.7602920445352837,7,0.42790887551803836
321.8411015192524,4.860961835633651,21,0.36517258144442327
164.03443072740006,4.477036482335416,20,0.13642456489967114
259.19963867070436,4.674885274378458,26,0.31481974453695555
454.7075722237856,4.977085201908959,4,0.5582145331972324
132.15319228294874,1.2825286214876928,46,0.4357416299045389
211.08763228745858,2.2830890850619645,22,0.492264032161782
380.22005788609385,3.912073140668411,15,0.45591363492942233
122.111101090895,3.632092781242065,40,0.2801961832763402
47.720155816108566,1.1925315785293478,21,0.4294243868339614
151.97821192774634,4.17124906245778,15,0.20277896022975295
88.99843075446216,1.509982573264973,22,0.4623937876715185
465.5518496478608,1.5071792667018038,28,0.9050513284670176
405.9789859865643,2.916384903020361,14,0.6047953060981632
320.36784069010747,3.168229706787664,27,0.5395327671187502
437.01568919198166,3.1103879352701505,41,0.5613132477714085
403.7993176805661,0.9116907682898969,40,0.764808422010676
101.41932885415756,4.448573881836712,28,0.18018225456450532
447.3539092600891,1.6952001916491772,26,0.8520396915219696
274.27769853866886,1.0828171457726188,49,0.6837766514006899
405.64567603039063,4.499366359410397,2,0.4400561385631932
449.08473696251167,4.80043174203389,25,0.46900613303029043
165.8217027362133,4.379574277694528,3,0.16534388826827467
63.92544301856161,4.142822336261951,8,0.17986897571013483
121.68822964555143,3.4485889128755978,44,0.3209459914741622
219.2828164268656,2.978858167741127,33,0.39879248301109893
410.8272353020216,0.8914404196013457,42,0.798181085953912
431.7579857956083,2.338039458818144,35,0.7112479513963963
13.406543960283445,2.177098326555413,6,0.27386072450271237
260.2661782630072,1.668892026921468,39,0.5900703448395692
214.5313915429017,3.755390511598632,23,0.44397842984136426
118.83282713065782,2.7314408078544687,25,0.3333374613079111
68.73402999350458,0.8647079715844157,43,0.4643462252340018
175.4314339877777,1.490824408774151,19,0.4939719028286047
472.0257549171344,3.574664436468182,5,0.6517689098453131
168.36943669017006,0.8425888677063509,11,0.5750493412586298
264.2074046542494,4.3304311132194595,12,0.29869564141623217
354.4792898586372,2.7281593715628842,10,0.6477285543159993
188.17850516585406,2.662639597969916,8,0.4928946955945443
486.17322053327075,3.165835030967829,24,0.6395685391495525
481.5991745216345,4.211064346663171,28,0.4671657422872865
133.37332495442843,2.0651414355598687,41,0.4772348658902877
253.65176788726887,3.551072686515786,36,0.36431300794769017
157.43037181021714,3.04579383798106,37,0.39238226797024955
149.57184224495913,1.701627215762396,21,0.38090392978312776
28.07460420372107,4.453834938598211,8,0.12732097725886543
308.68652365014947,4.088417097231177,9,0.33928621746299276
256.3127213821421,3.4630332559629147,47,0.4465476017391769
35.224588112494786,4.327617780924088,15,0.10317646341190766
146.5367674759396,4.402823904319111,48,0.15855740607419624
455.05028412366033,3.6876333952176568,46,0.5659351289555556
127.38532642681649,4.266559977636524,40,0.23504525151099923
80.99848732469931,3.6386215775117763,18,0.22243105222928336
249.83185253600587,3.560633472921352,42,0.42298915426749495
492.9687225141943,3.2837512019683293,20,0.7634156315431357
128.6070830406352,3.8872248780093854,6,0.16167251465414406
339.3464182288805,1.2137229738188315,12,0.7988347495954287
383.1936115110716,4.4639184163951775,2,0.4420195667477146
126.44239655627584,4.423295874853544,7,0.13917360665476508
366.8260108198112,0.6316127736555162,16,0.73714905216731
190.21373503243407,4.216175377541433,3,0.2591401777394392
319.82985699085395,1.0799144036305033,45,0.7579209222240266
320.4295582728384,2.0080348441661386,3,0.6132486178373477
272.52959519663165,3.845787153312235,27,0.46350862637777557
54.241987326660066,1.2234195322173869,43,0.3593412496023434
419.2982228387266,4.18085160853578,40,0.5006086145928459
167.18223183615055,4.244603800809839,38,0.18010217953451074
101.39407009592857,2.783604801923763,33,0.34121518403480067
29.97981936183432,0.5287364227257512,28,0.5214505465941243
299.5375421622385,1.7916715992871075,1,0.5993322925494752
342.00653730271836,3.27617113269084,8,0.3841787312022777
18.128036174649516,4.915337801123406,37,0.03654166340213365
260.9255985666477,3.343160871575008,32,0.44844643899582237
120.98292984698959,1.669116114788719,48,0.47428605611620256
326.13466730063044,3.353025663948251,43,0.552621210496913
95.43955021244581,2.92993420872135,37,0.24889344535785835
348.55949167020833,4.009304278180146,4,0.4816398691247163
199.50031968726333,0.9814128747213129,30,0.6609844078390308
468.99769448099994,3.924625561259126,6,0.48760575915476145
77.38526263153669,2.935699604042496,46,0.29979789352323594
177.12251201462666,4.8334640173654755,19,0.1685671187276956
65.60202540788865,2.0384247471740875,32,0.3576834170353976
463.09987295649574,3.3467985191027667,9,0.6458038452231358
439.8962831566807,4.694126474795079,12,0.44612220747149517
136.39139758042626,0.9612937759580567,11,0.50647661602654
333.39218255674774,4.71752819256403,46,0.363346984174746
410.43887809859575,3.59548575035366,16,0.49652800612008957
282.04839768373654,0.8052667659732735,1,0.6472304646421498
269.52878339444317,1.854336051260673,45,0.618063842416201
128.50762254122134,3.686774398903767,21,0.20239048089291187
55.620356224890614,0.8030777066094726,30,0.5086282106094039
449.6357213971301,3.11976707079323,13,0.6607885789605046
451.2048480100319,2.0564737562883053,34,0.6592671359416715
320.2197140639013,3.294119829953647,4,0.45692949845175385
176.12459761386333,0.7058391521563079,28,0.6652461525506012
181.11269156020384,4.421915627685693,38,0.18986285223465044
365.71828264641726,4.880700361298286,31,0.3544280334011192
449.5840273767628,4.8599503487856115,27,0.4866920371607965
444.6723478899075,3.873433242843161,5,0.5964985490697212
392.1390174702357,1.085388080587844,25,0.7710232651092266
324.595506615601,3.9121843816806017,3,0.40350155871295873
51.228582847573925,0.6106411240646068,33,0.5612829635260386
89.19806990636074,0.5995559818804876,4,0.6161874549081909
450.2915523782688,1.9562459861729355,25,0.8036098563000651
307.15023923319904,2.698894356820996,20,0.5415267106793508
14.506555292148526,3.9668333801350695,34,0.07740993119659521
59.72105600435573,3.5748291947292734,26,0.16071591620360015
335.11586686294737,2.5065621786953676,5,0.6105853542566985
12.480176084647157,1.7313199982674965,35,0.3602680873023317
88.79594519457434,4.9870602507097,28,0.16016984977092585
278.8795567896272,2.417815860061878,29,0.5696204754102463
349.0286468694197,2.5312416094835397,9,0.5207504708330748
329.46101715627424,1.2363071953625113,38,0.758427678506169
119.89196163567429,4.076642969374682,6,0.16232463333248537
358.96781846029256,3.621570016016699,19,0.47761225326100515
126.25205287343204,1.4934632575494218,44,0.4894157374310746
169.44585209804117,0.8707147052712921,11,0.6821577560601102
375.78078850783186,3.562246859336209,2,0.6750520303744791
328.3201205331352,3.4453004642651086,47,0.5141262270634335
426.1194711421472,1.729667871491942,44,0.7439928530569336
332.23031722716826,4.778886030126847,44,0.3810669966385112
288.4712156343811,1.1797605130140512,9,0.7148779356266679
55.90063623576531,2.4455066046917087,21,0.29531659448873493
190.18074349912243,4.746271640754195,24,0.30531414721931904
139.94916016404548,2.38877292616755,34,0.41257540550686056
129.55492525575096,3.373366764488385,22,0.31710540326148223
486.7751718286983,2.289174790832574,3,0.791153905348164
202.6178850867126,1.7339684105690152,12,0.5503003745605338
447.1028120367855,4.927899415819227,28,0.4962598954783434
319.2579267386588,2.3420030284176936,30,0.5541949645695433
399.45753873540775,4.523446416556105,26,0.41919780938249573
256.2921756215442,1.5347957265098877,48,0.5478048913219706
292.68290346691595,1.4589711681128748,21,0.6687608481866398
251.33366997124332,0.6401033729803012,28,0.726270157848819
105.6690640210418,3.432500714191483,26,0.28530763590948777
364.0015364781376,2.1583685467569254,33,0.731889303469822
147.57845759601935,4.389612124278367,21,0.20833744422673026
21.914823551412383,2.629444580112007,35,0.29240744831983734
326.28142499451224,4.856870425616248,34,0.2860093386259218
96.78423290945398,1.3348648206640452,41,0.44394276571932934
470.82470633292803,4.4088042558002485,47,0.5647211686311921
477.4250027312678,3.994685837562838,18,0.6204115245121413
458.2835512080198,3.969148300898234,11,0.5466703737349873
191.37776312516775,4.301524526525995,23,0.2576453478796649
17.57374209914504,3.924607959243495,48,0.04921925884075515
464.87609566798545,3.3179914473413694,22,0.615225490893518
219.81023267548403,1.0906019495707442,17,0.6552691958943989
483.6608613313981,0.6463678077106336,5,0.9477843313656631
482.1737887737339,4.643815315170591,44,0.5428255433257353
427.97463317900645,3.2749264153433213,11,0.6029706760037223
154.279957114097,4.084417809392793,30,0.24619133410622646
198.69788701494338,2.666850581806475,15,0.39899677186062354
427.05696904325987,1.0278868503307752,27,0.8592097050203091
165.29178252657604,1.063336064911477,35,0.5800068232548979
93.05144587618531,3.5850437925303713,33,0.2591480090227881
282.8326186045916,2.436376527047582,20,0.5128932237664543
468.7158393387827,1.4023612701515153,16,0.720812566330069
351.05460037073675,2.712175460336466,34,0.6346946899247748
289.3299733437888,0.7889402168381034,2,0.6864940788595583
57.61648194767658,3.1188713086147946,35,0.20259056288404106
311.35354108259315,1.7104703199579396,40,0.6749804546824989
495.126386551089,4.089015952867347,28,0.5666241592683979
78.64116746589677,1.896628815156082,47,0.44197510515261973
263.981529658231,2.548490670868105,39,0.5399827600502554
439.9128052446982,0.5522924295864529,6,0.9188620284460767
372.97662269956015,0.826010995075515,9,0.7220777376319819
351.5377130876813,2.266221003830082,20,0.6855128119739932
354.21720115368356,2.659724756227056,1,0.6013072520926708
186.15066409768002,3.2000924665368666,8,0.34767756048168313
153.86000368960174,1.8124816041918645,23,0.47978126663752785
406.5869661844717,3.6274184875694413,3,0.4550333557826115
406.9555633927986,4.370550787351421,4,0.49033312523169004
434.8654361042508,4.009329450020074,25,0.4824639156931398
457.4878707526709,0.6782847140676072,47,0.8220258850537334
260.5577754418595,2.66228126266023,38,0.418211689864942
255.74298439672782,0.9721858028817869,15,0.7141588228580454
401.16463769371984,1.5892025713813736,21,0.710781210870943
328.48232608110493,4.939981669702159,35,0.411170544606714
353.96376985627467,1.1412299430568096,46,0.7130507023979789
399.93840802368953,2.744996690531102,14,0.540070841090932
446.1026174906075,3.281700804431536,36,0.5621063150500211
175.61762685725253,3.6610923674484677,12,0.3712989711127527
194.03564679357257,3.0184190756911136,17,0.38439883032762784
56.05115052202581,0.5439688133863265,39,0.47423990435886315
293.35726908812524,1.9690758870979634,9,0.6044505916709682
27.611714160403622,2.8297023952312013,35,0.2697306114456608
238.14302888490548,0.8953992461517501,13,0.7044730450648535
275.8958710067125,2.0778211904413135,15,0.6405387134572275
150.40521354285937,0.6494139895611495,18,0.5674753822972902
299.50829767881527,0.8536032371975933,33,0.647845589654954
24.94512247013422,2.2861547429071822,6,0.2756563901232522
28.300612487115064,1.0972208931937715,27,0.43159254849688217
413.0742747232325,3.0539338171770116,23,0.5594929466950008
186.4934142915188,3.6025923611176958,27,0.27837663243499705
72.25965119942354,4.102640145990873,34,0.17918503067783054
265.89919742685413,1.4006760991016454,46,0.623398969938167
387.2968410183193,1.253671620165814,38,0.7635695287723172
115.75230347345315,0.9705552815048011,14,0.48077200858796953
315.21633315131015,3.363936122946365,36,0.4673026851463853
51.82025784694632,3.679140769191055,8,0.13769452371442562
35.32404337261777,0.6421376517153892,35,0.5156201987573181
270.3637694683925,4.712955108096605,19,0.3508307253949196
274.9112095889522,0.7338707764316259,30,0.609214738833885
322.3406517341212,2.935833508854817,14,0.48228175783901894
365.78475352410413,3.6907723375291237,20,0.4218810570166878
488.16751893664195,4.419361056857385,49,0.5137302165305585
262.9871706675857,3.7133911945959253,25,0.38747615271847513
168.24867174121053,4.107776373814064,40,0.18498877337487762
399.6412354366648,2.0275258664426272,24,0.6507956581361363
142.70780311841636,4.166713011859305,14,0.17583863332841088
225.0959961457617,0.8605168087310382,26,0.6494076817426051
48.44362685771032,4.526674952272375,38,0.09924334848228535
22.42186427357418,2.964165692691813,23,0.1899184173375302
481.6977231921833,4.177839964831222,22,0.5727547703160311
419.63025905098084,2.535432280332351,48,0.6387530267883825
351.027360985912,3.3960996283843623,19,0.4978346426311731
210.38694276299225,2.8688119742125093,46,0.5071783498566682
94.91421683471442,3.7921528478989934,3,0.2827219846343325
86.65415090883216,0.8673349191376531,42,0.43494159714868685
132.6190201006517,0.7715843779575371,19,0.5969472031988567
279.12106570599906,1.611964553045659,9,0.6584944381260127
360.15200212303057,1.2179510605093475,28,0.6809437316344649
333.4967145916883,4.423026049664907,20,0.4321329918129406
147.16760950351198,1.4864629431111993,45,0.5754179111130197
477.8839875249651,4.891393651186091,7,0.4326173820941353
371.56948918092655,2.0160310629699807,14,0.6240912418332152
281.63348573058636,1.3195306205991468,9,0.7005634970128468
309.7431656548326,4.053643282141156,19,0.4179536029819994
215.60403058961705,3.4641849897539423,47,0.396759345376199
131.38818485556715,2.7418807240391256,14,0.3742295732716794
184.42661253911817,2.9991359792193406,38,0.40404781066359136
381.34459412754086,3.736408002225187,36,0.44138018748946806
17.052809428580375,1.5280463359908443,40,0.4166140611605683
66.87559384838895,4.9835026222553385,17,0.12700483124424375
32.54129459065885,4.886569229660524,30,0.03241483442120512
29.957113136295366,3.426465588561216,9,0.1851367067894806
429.17568616539353,1.3979410291811531,33,0.712826208119492
354.7923510962116,3.561027090940811,25,0.5244023798030223
242.34517625278934,0.8248928404062913,14,0.6884587642978673
57.93873871899073,0.6379362599261273,11,0.4910355618764124
250.89177880724785,1.6595729983004617,35,0.6411521469707268
242.0011676824772,2.5818033053269236,41,0.4671169756007878
94.86891625590744,4.407226274337712,14,0.18237658511681623
222.58730812660679,3.772260813948386,30,0.2943780097971624
205.26731985471298,3.8421793453999147,41,0.3198717777710096
311.7665480455861,2.4147200050163393,4,0.5615768346488103
321.1958889251455,2.056707466461333,4,0.6267905383810594
32.198964788301815,2.1696744334307123,28,0.29675517500356274
193.5601811669709,4.94442303681226,8,0.1925442477021615
316.6713586999758,0.6804913613561712,2,0.789924581136434
256.53676670424295,4.401641732551019,41,0.2945343815872302
429.6800221822779,3.1040393385757703,46,0.5389472332877668
332.75987949328305,2.4737693863531574,22,0.6728621360682384
89.83786926990055,3.7636594718681144,41,0.28254462601761343
44.57868622621062,2.6900102364111627,16,0.21096452782981343
324.78544632109464,4.430404571367473,29,0.41623037944660707
22.990542165394686,4.553158388050663,49,0.042525964832761165
297.030034823997,2.397744170930549,48,0.5704299784974951
470.7128182982292,1.7457250875577321,30,0.8108515159931307
291.9823471591807,3.16557647867013,12,0.4637043092763516
200.20326384119574,4.605635055275109,35,0.20045147503436495
325.21122703675303,1.4479798505254995,11,0.6458861893683902
234.54391634084314,3.3033496260356725,46,0.35839935796321376
277.3522267648081,3.3420209904163425,21,0.4015590173116516
471.3177563004973,3.7990086008687642,21,0.5880579817111532
199.1902925223794,1.0920545830726691,5,0.5541968347595749
480.98337627371797,3.7212123410693985,48,0.642964745452409
453.6218145584712,4.5906463429953845,20,0.5689194880257291
105.93765604675525,1.3085739899160889,37,0.4460775949866443
43.98703742883107,1.5689449621574494,3,0.399062766239855
59.38122067493906,4.871277923187378,44,0.09723768387134799
18.928694569259367,1.314396287192704,33,0.4110891793959527
56.27705077040491,4.344732920163106,9,0.12560152214989864
344.6733189740149,2.7152503540161566,9,0.6102824044903853
44.882437745512206,1.6125398348142967,4,0.40774090189811535
166.29805884394304,4.4183745557263014,35,0.16257748215494805
423.98890237503275,2.5038736475119947,17,0.7170593408432969
21.403248510554675,2.8166780926836057,34,0.2840999811055312
409.0895564685785,2.1165501622989455,24,0.6592702350297549
148.10883963896597,3.1682788314571733,32,0.33317784826562885
67.90076553461157,1.2358574266326023,1,0.4784814725119048
351.4012110284338,2.259866914932923,8,0.6149488285561734
318.18199492214313,4.862355450508794,45,0.3855953522595644
439.96128662825595,1.6616004471550738,23,0.8919948666437166
370.18481146390405,3.4553149904358147,47,0.48535401078857343
403.7056558885758,1.963355289011127,40,0.6383178968297742
148.19694055994017,3.980629065589703,12,0.2653249637812136
96.94537645206418,1.088931473232574,12,0.5241303543851139
377.8012283040206,4.864194702853451,46,0.379838439326437
405.34902224095936,2.5420529362263764,47,0.7238067617843734
495.3475195803299,1.5622270850590878,15,0.7721945210882586
212.18266168659898,0.8307353629850569,41,0.6637550565396738
192.28886203846375,1.2639105728939333,19,0.5356047637111256
390.4423507635785,2.8389827685020794,26,0.6925129692237353
176.99373472397875,2.016514293940788,29,0.5749680729883058
466.0710895457467,4.229975146471743,22,0.5047407455094051
430.6222484030758,2.4389938564781266,40,0.659245005959834
220.207073413759,1.6192142266443346,21,0.6012650450983157
377.9268232178337,3.2771524397181353,38,0.5308550467565444
379.72600830149435,3.680497475984506,20,0.5094056998064319
60.530695729606975,1.2516885855542743,29,0.4366312582013001
452.2509242729877,1.2542864732974295,4,0.7308386191333619
257.57366249945,0.6650214212009433,7,0.6903796330746439
414.9641583927934,3.813809067795382,28,0.49909686291004657
166.82430450499976,3.4871203742981227,28,0.2934561259551989
448.8063819631382,2.6358389408741623,4,0.7574040880491627
200.70882257973992,4.298767020361387,22,0.20800677582963834
15.310449225346197,4.1255156882752395,12,0.14341913973522108
453.6371684454392,3.134094639785385,45,0.6262795579503103
54.730471625205446,4.407220762309664,3,0.1000203869694474
166.4636824193033,1.4262854451654572,22,0.5633537327053432
475.5303638548944,1.0036382872897756,44,0.8921690998543614
475.79750199940247,1.7138732518264532,2,0.8329408266777337
290.9845651804102,0.7568908524019169,24,0.7637047129668615
319.6002339632016,2.890262876004644,34,0.5140085272035712
229.7383057693767,4.7147256153273265,27,0.22765390751125653
153.67327813205162,0.6770459330082934,41,0.5317111585033323
171.04562723125883,1.0494946130451206,1,0.5248256394277989
339.5340434777488,2.534895627275459,8,0.7334992020156391
378.66351942446323,4.702437578875572,23,0.4706537405737453
397.87373142566577,1.9227024723953772,38,0.638049765875727
396.9128899693314,2.782556639097766,6,0.5525343282223764
54.69099049385828,0.6870778657267644,22,0.5100765070071064
252.26594930426492,1.1675444043293999,25,0.6628747487402232
38.2037924081557,4.939835553314811,18,0.07166442884254283
279.2691523386304,4.843034133962205,17,0.28221794926472493
226.34994567295473,0.5222299142048432,12,0.6678542412523254
444.9750495515669,4.783153034404576,6,0.4830537223190772
181.94835615051855,3.376039720169752,26,0.3486390344482099
67.36283804952687,4.4056323253400995,27,0.015834586878140183
80.06592420588957,2.546329350352366,8,0.31394300764189326
383.1402095415614,2.820182128606626,19,0.558551674967883
312.9268510249679,2.699809611156141,42,0.5517064608547794
59.55011130016722,3.5008891589574693,1,0.35872414553459075
51.212334996348744,1.128430646403408,29,0.4567433536297231
353.4748744149688,0.6348811544270507,45,0.7743102746636438
45.653873118454825,1.8856847371603591,49,0.4031754745012815
412.7114290522745,3.6710634323149103,35,0.5697394801812441
356.05869130668316,1.4083405345532676,40,0.7362293623739485
49.860902514530885,3.530445949962128,14,0.22715883717910168
51.57047990174404,4.864604207482717,35,0.16793723739494937
493.45339346557597,0.9225532210523828,48,0.844653649594042
193.39268992049895,3.526709532013068,45,0.36440334055976487
191.61465206277654,2.4968759868705703,20,0.39560799687664255
408.27178795617624,4.406640144698774,49,0.4953834058034112
474.15180291809077,1.2971740525132365,13,0.7985000720924624
493.14052127320673,3.61681678501774,38,0.6105905020911785
379.1553107768814,4.271518803416496,49,0.4372489347233364
194.36719691014872,4.750763987633104,46,0.2680816341140737
50.91535118234769,3.5746161273034063,49,0.23937646064912776
390.801988804444,2.737286438037923,8,0.5547874761783326
283.61808237054447,3.2803125809054623,43,0.45833352982999076
217.86878453101838,4.410072430154232,20,0.24138254877813653
454.1136486964206,3.0677438598747337,33,0.5844140171751804
64.48676633001415,0.6367417686357659,26,0.48996173694521905
251.38630110252097,4.6892691297814,39,0.26703524870159
15.563285936035344,3.602870379642025,21,0.276612072289109
239.64371457712187,3.5443102359976093,49,0.40686068224539573
37.5886050841003,1.4705381857897273,42,0.32165391146741573
68.22077897135524,3.4649846160469573,43,0.1934836171581124
67.5878609207814,2.272389825443713,41,0.39141804314788003
328.11304803687113,3.4305483966867145,9,0.5894803470116959
375.56199084005743,0.9796686363859582,24,0.6982959615895636
295.8506948976082,3.460303870713662,37,0.3558240885692897
481.46454875252556,4.997361765968,49,0.5752766309243147
193.686583966615,0.7169541748725021,41,0.6414718753479101
149.99892227811176,4.897283828995928,17,0.11685590278470065
435.6135728128355,2.3310858232529177,24,0.7292364447936656
119.56196087453179,4.418390526517666,21,0.045935521271921215
481.97904432589957,4.02073467826223,39,0.5800743518295346
15.955692598010007,3.051573174440005,41,0.22718943379616377
485.24062508674314,3.8230214416309694,39,0.6491519879005377
31.148356855782296,4.4533200258560655,13,0.03512155665554886
446.6601257120548,2.3186314474296483,11,0.7190813390392579
268.5735434522869,1.971649227034574,46,0.5251373894458501
496.5527500984572,3.5041702350361312,19,0.6589049143785599
46.16031672034544,4.135306738735664,11,0.08786232672862793
281.3885993566472,3.930283106494771,13,0.3679552467491591
484.9582424533585,4.090161419863855,46,0.5261513307274616
266.3179436433729,2.4601249166581987,45,0.552862264068736
318.40533268627865,4.180253972787597,1,0.4433024912403522
350.9168576024624,1.040940749167738,40,0.7350917541878179
232.72512173620888,2.950200940823823,44,0.439616927401828
317.5034592411911,0.5259139722415471,19,0.6924824912853591
296.31401284231913,1.9606362345512163,12,0.5852665569868581
451.5674251405846,2.1490769069212905,8,0.7341495035963683
32.26872636731436,2.282777112241649,8,0.4350306696946482
147.67196290019285,3.62960243010438,45,0.2291133686010466
475.7016271975138,2.2485114557165558,12,0.8240593435634802
446.229254106549,2.519121301801388,48,0.7441600625997005
233.27180886499934,1.5689485889344736,33,0.5904087701960588
313.864972922753,2.17963306233203,45,0.6838326908993066
145.91677966075503,1.5227133226841816,26,0.51225072102268
102.17936826464305,0.8293816569579964,39,0.5386991623522399
237.21221842059126,3.2155186702162006,28,0.4130043187480939
183.14259173276588,3.506957593497573,5,0.39362527650393986
295.99149480692734,3.2877065570432653,8,0.522044300793145
48.089972112842574,2.585723197102576,25,0.2582337880277744
487.4534557564216,2.209036010806534,27,0.7005874949458298
493.2432647950054,4.385001423073214,46,0.5445940906179011
352.0992398696751,2.8358680331129813,23,0.5285105083384947
272.68721950861897,2.6563184493337895,30,0.5038791458444722
161.6685319803006,0.6153892961289607,45,0.6620015091016115
408.75955965640486,2.0356152243177035,47,0.682332954470295
345.51827455140085,2.2108802845363567,23,0.6222890770321864
89.68230027899673,2.294702514036052,49,0.36311318561581124
456.3543204019828,3.1107756615229953,47,0.6876982983599476
413.0432490323528,2.901211460270953,20,0.5105776363060273
475.40195751304276,3.235572917570501,18,0.6215096510177279
365.6025591102964,3.9419746769395774,18,0.48196927603031225
310.573446008537,4.158435824222421,2,0.45473381140763797
214.93908778240325,3.731553843019225,4,0.31718858110517045
467.0369568434665,4.799856631797206,30,0.3932236583616522
434.3713058552001,0.5820466220436273,33,0.9071522159491442
32.157148352032806,1.3810009355759574,36,0.36228893535315554
22.919817503653483,0.5340329374016395,18,0.41003319080897144
194.4670497702443,3.4136362136957135,37,0.32188615891501177
407.17113208309814,4.541137470274941,19,0.44383111717281165
493.7653033643228,1.5956703345933467,47,0.8039610366780775
83.7042766407288,4.67165545158338,28,0.006260428627437337
301.1240505225462,0.7712032563030238,40,0.7688570347366005
196.63651974920054,4.704962120624814,20,0.2898840597506553
485.25805492915555,2.082302092578355,49,0.8096039452382953
422.63827233649727,0.9563937280214743,33,0.7701146160131089
420.7810653084575,2.6864229163384654,12,0.6420641969772352
239.65964829953543,1.6554945547422857,15,0.5737841270638341
213.26155614545593,1.7819280588286528,41,0.5650084697406861
143.96946524604604,1.8828048421682895,39,0.4891060054651211
37.62399335895429,4.113616540246985,2,0.08955364939533095
433.71396436497605,2.926225745038645,29,0.6451911676817896
408.321494473738,1.9008846462020164,41,0.7410970500842985
499.86165991020397,3.2465020248991325,10,0.748002573527629
498.35205016621364,3.722678034004371,2,0.6613095737570127
282.16153574528744,1.726808003300902,11,0.6489335697839731
386.80383343845017,2.3609709568640818,13,0.65489806914851
472.93520764238974,1.048487420016264,10,0.9386094229009385
426.3272214319316,1.3151720729060614,14,0.8152981539393003
131.20056985416687,3.5650303428424226,18,0.2316431400612461
230.76662630194582,1.3164725646303213,9,0.6692878683451733
73.28811342423253,2.8632352265017706,39,0.3218597544010069
477.485003356774,3.690708177750947,28,0.586261984525255
307.02557088093124,0.9809461539263473,3,0.6849563071183343
122.03497469669674,3.052904988330066,20,0.3315732531207282
339.1333353588698,1.654532526656137,6,0.6968393224566352
312.88283782436895,4.8331709385691095,27,0.3394303572490182
185.49973183609185,2.6759554102396614,2,0.4334696244842699
65.64322017781822,4.126966473988212,29,0.23794444150781607
339.0708658404718,2.976019439703178,38,0.5950460794818982
264.9507734428587,0.6953563978466862,3,0.7049469132214413
388.43601195046324,3.3491811901731006,16,0.6005834219715274
264.88011554487673,4.781315039929956,30,0.23512241637550416
427.56893515608465,3.2072531906584905,40,0.626739968587576
280.4343509994979,4.186349867420556,2,0.45226468174409784
284.85960605233925,4.4789290850678345,17,0.32606440277593707
439.5602653025891,1.5263589737701961,41,0.7445426714946153
207.70660444407454,1.45420177958702,12,0.5296819820557195
75.66746194081396,3.249414449829463,35,0.19624436509074825
24.103511393536095,2.349628114130171,43,0.24990260457413377
380.0172552800733,4.279375862900242,1,0.4335542640605477
313.9516801631977,4.55010405529105,45,0.28866292367516055
354.99908636861954,2.0903962068622315,15,0.6467403823798765
114.35243913936625,1.5659175153851692,26,0.5028745462901817
76.82202303751718,4.012364818597378,37,0.13019773217043334
17.126886177262143,1.7366271599666123,21,0.4194283663626893
181.7879038152325,4.201764433311553,49,0.28715106491045705
299.05966655877023,2.4068221414194326,31,0.6099064816980299
202.19958209886883,3.5039745468116172,25,0.3189103997251002
224.36271179162725,0.9299089122560068,23,0.6740980819193574
453.0377603019367,3.3073669610445786,24,0.5677043691777132
180.64517884141716,2.532954554317531,38,0.47186209845148946
261.8548496883073,3.1397380842896334,28,0.45647300824902054
393.98997624316013,1.2560639348518854,21,0.7960461437572107
204.30596333742238,3.8159318522488195,43,0.2639330478312978
314.822483111658,4.382586848944529,18,0.33181030610337486
432.55821728590513,1.4753291004084903,36,0.8148867181577254
475.26510559224465,0.9307154998407278,35,0.8347761553969619
82.0660056552286,0.6063736372085138,45,0.5445889565393334
464.0279363291323,3.388871751994697,9,0.5567838708066501
251.1369836089737,3.2319231623995135,38,0.47035337800235566
136.5397502664896,2.960138357213315,30,0.27889974880673263
234.97652055674803,1.5437619325218894,44,0.6082153241885352
490.2159618898838,2.259076981574816,34,0.7955898104147023
251.38286605650612,3.175143508337779,32,0.39902992430124945
171.08828904087903,2.7354508648662623,3,0.42664453090848914
320.36641861519564,4.945034840966993,3,0.3388850476851742
127.6713532013146,1.113978886505299,28,0.4893313717411478
47.17303077324532,3.628150493214172,44,0.13393024724801772
73.15106373621812,2.3194344564693146,15,0.24307633350565772
72.7424610893085,2.4268982671652664,41,0.34753513673776654
84.43231982102424,3.729189945461793,23,0.1332731867067422
78.02531459821097,3.6159626809596634,40,0.22119625647431002
324.02862495357516,4.960651971659847,11,0.3147910169834779
99.12124135558096,1.0777743025435635,48,0.5253009498731344
179.37696882869298,0.9684934222287485,32,0.5674253516313249
449.4263208539458,3.759524677079335,36,0.5570014638286576
242.24120372880745,3.1027411265288407,33,0.4685606262903381
337.10329187530334,1.7337229995191263,24,0.6804838933775966
94.43673688879862,0.8573871604504397,39,0.5245058187028935
104.22161921624868,0.8854621231839375,34,0.5391387863882813
30.025621970574644,4.523858935988533,28,0.0008611222113660971
92.77818090536063,1.363402961234343,37,0.4942773187812754
146.50926612565974,1.9551720295198434,7,0.4816155028743555
96.73513729560594,1.519953810021446,4,0.3939055998646364
53.464241540957254,2.097483376243718,37,0.3315118802328755
69.1115768392944,0.8124072923574202,1,0.4859054832221708
235.78159633603562,2.835769059087217,1,0.44547985120722733
111.10352201883833,0.8042565361649671,47,0.5473708667307684
188.49223191355696,4.101604285200628,20,0.34990014248505336
256.6744627188799,1.5517043685969485,19,0.6555923622428265
348.293466028389,2.930053615720298,29,0.4896771447847888
29.26294852213848,4.460355894026562,10,0.11433085863478475
401.7110954654309,3.4289481607123737,18,0.6252629453709639
317.6711908505448,2.898310039481009,28,0.547180612936904
50.06192565494723,1.9595018890191902,35,0.4086607580123266
438.05352581232086,1.9985086087618906,43,0.83881618722117
461.22747626058845,3.5126912983918555,47,0.661143823726752
39.928200328883236,4.973627125495254,31,0.05503091756144431
145.67004759212983,3.4782763543222037,27,0.35009683586414714
405.03862709860005,3.0100253781651123,11,0.6112804809369334
376.6472482879926,3.7879272960766075,49,0.4990496708445796
100.4152994846249,2.5934252552767316,49,0.3235020621712651
112.58116843498804,0.7706405417035335,38,0.6136877822062401
191.53133036777717,3.0303356714505942,5,0.34757632992561766
247.41626274360044,4.809313780274211,8,0.34310327095008514
312.94483804984503,1.2888632406094684,34,0.7090517201759168
190.76768338918848,3.6050220086929956,48,0.2603001737797918
236.64201090524247,1.4042015989657541,12,0.6146043156582381
376.2607596855407,2.9112245801288656,38,0.4801369762900729
27.97476941639297,0.9350440234102383,1,0.4657457679169209
133.69410272857016,2.526669213161833,31,0.42528875556183643
359.5412970834307,3.9027349800286073,4,0.4396500012979674
448.65135046672765,2.0640718590754195,49,0.7484215493569648
260.7219466366764,3.492102760192481,45,0.5092195423049426
270.73560778000467,4.079524823553781,5,0.3374957902115298
62.514285556490265,4.672300187657537,30,0.04233888743790651
229.23205974349278,1.555889368349541,24,0.6477262930316686
270.98246056296136,2.2969216211418866,3,0.6394196579753125
128.81054678101754,1.1858720599868784,11,0.510408124374722
141.92918316519666,4.966175759712688,45,0.19588475896434565
194.8692399212651,4.671504355659329,4,0.29479260013187614
19.83488691108592,2.9298070862625183,26,0.18972996665791492
167.81879113575735,4.2891498246938955,27,0.21463851689797442
113.60952342830687,2.8443108977241898,46,0.39072215931362464
170.47370256717818,3.306135596012419,43,0.4241108569013618
68.6834445914331,0.9010599445220748,27,0.5067214931479433
446.35836756254855,3.898716892235636,42,0.5124959606638823
300.86030224148385,1.0747106763585568,6,0.7927422901906003
342.7601363807999,4.217304336136378,15,0.39448115787656396
396.69390691759577,4.019126394516737,30,0.4780243784073495
254.23667747523805,3.689351139843394,42,0.40241845521537967
52.59094116283761,0.6627217123614295,37,0.5640267909624334
273.18220549108844,1.8640776017539786,37,0.6294732441433017
297.55214783023075,1.684006564598793,42,0.649894766388447
375.2653423503217,2.120613833621836,37,0.6863683854940434
221.5131776525429,0.8943923604372734,35,0.6342496750409888
72.51434836982625,4.716310203639782,23,0.12879030373177336
149.05019384137498,2.9921100832056933,6,0.22336118163609045
187.9103252353312,1.874859397961106,4,0.4855940124857306
326.4994482524846,2.2864168268342753,18,0.609923862314896
289.6813692877668,2.5124114322717603,9,0.4808895218796155
184.48739568994466,3.202674500122778,49,0.38353611156824485
493.39247190856,2.8205574246342398,29,0.7011131683958299
306.8296614848747,4.637263879464878,13,0.43087705845416135
126.24112795063729,2.736335673076236,47,0.4312585469037564
59.873411583997836,4.964711066704907,17,0.04011202645759904
84.9009782003227,4.331412309852931,45,0.14421786163669484
130.519286908409,1.4382973146080111,32,0.48299217716718823
88.73387289718228,4.687678465897623,48,0.09738305249943885
101.41784178513983,1.0236487904846423,22,0.5088042119380819
149.69663265998508,4.178523688210362,4,0.19393016039456945
94.95306169442986,2.2128048206446103,5,0.3171418128830925
449.41505806694835,4.450884442002813,37,0.5354621750616806
49.31453537420468,4.406255105483527,41,0.1401655040369426
267.0105808894248,4.126664300529296,49,0.31412836285349555
211.09444522493413,4.055136963381776,13,0.3503485204248865
491.36552228521714,1.8710561259411835,34,0.7726810232328322
64.89906206234565,0.8641367737306348,45,0.4911436465911812
204.9492435324134,2.3134108044432264,22,0.5146253637187135
485.04051230493076,1.280860317439289,23,0.8552738523258162
434.09849168805033,3.627279900061078,3,0.5941075472889993
410.36531476514716,2.057448769420035,42,0.678798955628765
136.37238525202054,4.890245903869617,34,0.13752446569365404
93.73491782113226,3.384374348053994,32,0.2450045114717159
337.6351777629712,4.201162536354625,45,0.38019000680049675
465.39423467251703,1.096361027338318,49,0.8469194237828961
282.8138175768256,4.379065170226801,21,0.2674763856109581
290.09021784025094,4.652407357310275,46,0.3002917947521182
147.18975589353926,2.6917786346852117,44,0.3637681177565345
387.0515372640491,3.2281382198793986,21,0.5514287276513402
101.65143679318645,3.9416441040634793,44,0.1954121540932996
168.6028258380794,1.2867738226718566,11,0.5368372335778874
218.46385492204422,2.761547344085491,39,0.4662811964177983
258.729085555383,2.293983624975409,4,0.5730565767644682
128.78076888338933,1.158682964730121,1,0.48042421106796385
66.27004412220973,2.1539049003118915,28,0.2907195113215633
309.20382079639995,0.8067753922347211,24,0.6764240609607727
151.42897108772533,0.6161535812726915,35,0.5654534669007099
294.80672849708003,1.1082483011967024,13,0.6663858324865843
85.63773048435914,4.834018002151282,47,0.06373612695935807
245.75864990886058,2.9728829115275763,34,0.3836645255436082
270.96882195027706,4.84619972518949,11,0.26354280805761865
35.39353304298918,2.446240452485594,36,0.29984081880012836
174.93609631502108,1.903172598883668,17,0.5143703097184325
75.86319170009737,2.7776383827810984,35,0.27022820076657145
41.053735531656194,2.4778025988480956,18,0.2726235845396749
495.08051387107315,0.9754910791778476,40,0.8511964905109228
167.95338403761426,3.383718416105928,22,0.32800958390828266
406.8384784687711,1.4721718212931982,24,0.7171998646299106
134.77392083424428,3.288145797040233,19,0.33461573179228093
343.93633388972535,3.42590491579169,37,0.41205251771385076
382.5116513459464,1.1841118390789165,39,0.7461189838154316
301.8629828978437,0.7760733219980067,21,0.7393110176576302
241.0723323895776,4.013427137307979,8,0.34892134447490486
211.80204793216157,2.569101906961941,28,0.5895435404349924
180.9454506060677,0.761737079774641,5,0.622261743856999
465.46928068143467,4.9768984272639525,17,0.4175767081129389
417.0035098159873,0.7600125244836499,37,0.8362290450131686
482.86318622659115,3.6276585298634894,36,0.5312850165669196
70.90563950791692,4.926555163685361,19,0.0742201356745428
368.1250628497857,1.5763104689716654,27,0.6688412131025812
469.78682384230854,1.1401221590923827,34,0.9015441217110783
98.80420242117347,1.04623222740093,11,0.46670396595130376
42.58317100972097,1.86473816405418,45,0.3502710588145407
373.14911815212895,0.9547061495479101,47,0.7459006111271177
291.4918254581568,3.6147260376235937,12,0.5169617892884641
422.4961006115533,0.7803130915852821,21,0.8284026531471296
78.48846454688186,2.792399576674054,11,0.39087635905343654
399.6809828113462,4.985135842338396,39,0.44187498668341996
108.79738682339482,4.162866212777084,28,0.21661410191245567
90.19141200419521,3.268487472039549,5,0.2817793221661163
90.49024098618654,1.8781412935397526,17,0.4223659765430239
409.14161291337723,3.3075312633123732,20,0.48200485761485945
335.94663814113807,2.8716865876024324,41,0.5348338096733569
266.3020581368685,2.4173752275066716,46,0.5668224339454173
185.82693722051621,1.0881966953308977,12,0.5745624085137212
439.82826499842304,4.4897189685821,6,0.42059687580003435
202.29810263709135,2.524030919695951,17,0.4472747881386228
410.13372534107276,1.3758013031934428,19,0.8577588708345032
225.17610519940703,2.154917078947803,26,0.5720289830813626
194.70277041820472,2.3635838863801717,48,0.455244181311886
236.71309497810716,4.223920530050934,44,0.361893505825918
157.67515834042962,3.8012647125263093,44,0.2592233360693961
376.32859628636305,3.961872021386029,32,0.39494781480642416
256.3329911453148,0.5496406899289125,6,0.6551456227459458
123.78422062194048,2.372692991808927,36,0.46465935986645773
450.7915409045385,2.6660486823589564,38,0.6704870185771777
198.1066984728736,0.5863652457037551,11,0.6273009749337473
276.3409019458544,1.6691594393526539,33,0.5944330481968451
454.171334372628,3.9213042040496076,24,0.6572477434463175
315.8766179978561,1.1169936757804957,23,0.7854751961879096
67.2800399470984,2.9088955915366626,15,0.38732949246583886
470.5177405706028,1.4684084240775688,27,0.8157246376428434
317.57694600499474,0.5545434858975198,11,0.7769038218525975
174.1037511819722,1.5854065591979367,17,0.439730967791139
78.24331560505976,4.891431897095242,14,0.1629468472014492
399.072342742445,4.106917003473454,27,0.4299916648317028
313.8356504049716,4.818094899444651,18,0.34286493864863793
271.39593506839753,2.695343197668631,28,0.4469964889198923
448.0073656949692,0.9938128940487658,47,0.8191827349531579
396.4126335000201,2.9658177003816184,47,0.5579677419093733
84.32069106904808,2.544698005519824,4,0.29945712748327474
162.74381321981863,4.299606872328272,7,0.2058269908295426
131.75967850908822,0.9413716135291006,45,0.5102090774099243
374.5336833606117,2.697085116598002,35,0.6464918672898269
26.430893020531897,1.1752189911229292,48,0.353665854255113
289.2459455869451,1.9610416710052698,9,0.6041688498371115
383.60475601293837,3.8181068482450984,8,0.5626920288037064
439.61516201325725,2.642081582159449,45,0.6497471855716426
177.62005687079466,2.191497283155962,17,0.4225743840178183
412.4160792892863,2.275143253565159,17,0.6733755226737579
64.20955110805154,2.56751045782694,49,0.36644476574339313
424.76162294991394,4.0325744472667555,33,0.5312095597709062
72.46944454267138,4.514381100231055,32,0.09447061978918596
204.67077237457997,4.799006089267677,8,0.24896399600721425
400.6747292319813,4.041065238148828,19,0.44145359792527733
83.45953940089915,1.9193310308660574,38,0.4255944118364408
122.33318366399433,3.5966061773894396,3,0.28310293131013875
363.9037585126025,2.4692140582492637,5,0.6015919291307319
362.8179029075764,1.6460177992072302,13,0.6562868330644919
324.16234011379566,4.283922107416652,47,0.35143608325795755
350.034737788879,0.6729185703304625,46,0.8094837475731282
275.9349772403221,4.557928964609406,31,0.3815911059038346
133.38153886440685,2.5766485908113035,16,0.34385129243183676
179.39103681692052,3.3674066456372618,32,0.3655697074307685
98.98288123269857,3.4670926499260224,22,0.14792226530999292
455.1407750534779,4.5280298331794135,29,0.4731069052026766
295.861979435399,3.365013569752433,22,0.4578076758166105
206.41719421418355,3.262701131420278,43,0.3346629102230641
236.38284378562503,0.7999341825231048,3,0.6095641067938348
474.1688364097895,2.8328360987534182,10,0.6574962487110034
85.1421875268793,1.1757605036766874,42,0.48217577357552927
297.25261768823066,3.8184519592466852,21,0.40604097084324337
257.88545265338837,2.804998643657035,16,0.36547402662143624
309.61257536297745,3.56102500643759,12,0.3474750670874652
18.87399007221185,0.6875280527107293,2,0.4197779259082801
437.34071538263424,0.8815640722061144,41,0.8720686374647004
466.73795841697006,3.7234552462820703,24,0.4570171916525013
286.9152599587124,0.8243795119940301,35,0.6794907999517278
351.3589036996772,0.8206552749436637,30,0.7429809833794397
462.02469677687486,0.5544881385569935,30,0.9759927718315979
356.5469308135653,4.80425629234766,47,0.35687021099315613
84.74413102798806,3.818787617565531,35,0.22201481850848137
292.38129648173845,2.089631338259289,19,0.5904810196601827
307.2903727275994,1.8344101157944486,8,0.5173210371577945
217.82402893816914,2.073664533856323,26,0.5488679363841237
370.8576754561142,3.985940890315318,49,0.4830334116973967
467.8398372368173,3.476167749816865,40,0.6456364942388603
463.5285713243204,1.3333800554036057,7,1.0
230.91129198802474,1.2834920090033797,30,0.49835644411275737
65.48664246197006,0.9427804237102879,7,0.5574434325789966
492.57218749154396,3.4713622386560217,3,0.6310635876559241
421.0600623585077,3.9396769799978117,1,0.541458809578877
71.08471378960076,1.692708927462518,36,0.3995382087782869
461.21252248251244,0.5942523246391076,25,0.8805754733486996
436.24921741044284,0.869772503643923,37,0.8207803206341127
264.2306479917753,4.855370156802637,1,0.295169069090162
299.7249635150153,1.829501498648391,15,0.5409161288165923
205.51132489636382,3.9615041652716014,37,0.34688986674529193
36.83320302279535,3.310986059844187,13,0.18492487679411396
174.24664840649146,2.2187283784380316,40,0.3958703436106704
403.3981898130256,1.425592679879998,8,0.7383382789252352
12.2696912722554,1.046238881717329,5,0.47050326394365116
173.41459412866064,3.2675583561749,9,0.3198920041603595
205.1026598595622,3.985852012870046,1,0.3244401394830386
273.3238454395822,3.397569140935088,36,0.3970191175602998
460.72925204225265,2.8863595996212124,35,0.7099893845763124
179.709537239321,0.6887805054423632,2,0.6451068736345948
180.00706892915156,4.858199499174727,40,0.28661756067649935
371.3756115737767,4.094213862445585,23,0.4531760280542575
231.5867910360055,1.8176991651543413,9,0.5832496147584667
120.05636324059117,4.909866482114828,34,0.13397309200605564
231.69536290501978,3.2084671533634497,46,0.4756422366618256
79.01993998610193,3.120901961932609,14,0.2309881244124045
96.42962338804942,3.8663293074328946,4,0.24704695828862397
254.20020864234507,4.152964046405619,30,0.3291689391959491
215.27347025722847,3.4541537329917618,31,0.3666486881026274
458.274491523369,1.0764308586479001,38,0.8552190298809976
187.57301056715022,2.0222037769752426,11,0.49796465269095985
294.4882916362413,4.6763763814672235,35,0.321039201333421
319.8095010805699,1.5107702532973337,8,0.679468134909363
16.41628372828348,2.17475160726881,3,0.37784702587951174
335.13331228818816,2.4443459732488817,14,0.6399711992440609
97.2376237661782,2.477322453625035,13,0.3929631080285195
480.92445556003304,3.2582281212253648,45,0.632324667136303
82.84473659902535,4.743841269851184,32,0.06399856820249075
213.16582062624164,1.5831172032462724,34,0.602619128213502
51.82133735853549,1.0467561933541312,45,0.490948057649612
498.4683834045142,1.388617204369718,19,0.9332401967550916
256.07555506230887,4.491162050941712,38,0.27676031866967615
301.73865848682146,3.406148656948427,16,0.4496463600239614
42.867473920329466,1.7865805515762205,2,0.28223521063643564
377.4806304955971,4.171761225358777,40,0.44068095265667573
112.85374061683703,4.376164983635462,17,0.22506576778226323
450.0466018259497,4.309314524106251,34,0.49579038045391466
110.51842383618352,4.635169401377995,42,0.17902547345842515
103.43698312519662,1.635084590780127,16,0.4304033687472934
27.90933724556649,3.8976886793582524,38,0.15434332072081935
241.31280310389963,2.57242773773363,2,0.4266854598397532
286.77215529868204,4.288993488005277,2,0.3621332789798494
42.19723331989266,3.7782080472272592,26,0.01481963005213055
390.00853218055516,3.9940135092487608,13,0.4812623733475798
232.11152902653353,3.4527282695648216,47,0.30531503988429437
266.95123197051424,1.298429462613681,31,0.6974080115364869
225.9737459997318,2.9526211350362224,34,0.46958200013433504
206.37389982890974,4.931013827860287,39,0.23660606614118507
284.22376234102677,4.718246299237035,3,0.3884494437752923
86.06772050604913,0.6942818110865525,8,0.46919371335615206
99.14478394268285,1.241666670782467,23,0.5623462767602141
432.2749542966235,1.0927794805455286,14,0.86960658445509
473.59657644548,3.76690959493383,27,0.5850778525911496
192.92156497707893,4.180033984356253,29,0.3316991739006008
142.66488984034135,1.4608011483980237,39,0.4412700993799572
325.55977618711773,2.7763371182832306,39,0.506700356282411
210.27974383806725,4.2831636260504,1,0.2515338950710422
22.439314273568982,3.7976069514481274,17,0.11622973372555542
86.51477270943327,2.9400674247133174,41,0.23968014810008892
360.8263921352248,3.156564607064478,30,0.6063240847835433
332.87273153597414,2.78762246112326,13,0.5411677654051564
23.27703632670691,1.8389680309346925,21,0.3570054816510816
118.76635934714523,3.0425989678655725,19,0.2859888942399039
123.22665032815499,3.599983859225408,19,0.17219809937818828
339.22744436337695,4.429953121373634,25,0.4097350001455846
19.658163499638434,3.363311092906616,22,0.08771430543798797
61.01320517244118,3.925046916694211,31,0.16507681119874662
401.9588818328628,1.2203223572955784,17,0.7115108941616645
97.48688440662347,2.5770086348890544,23,0.43914982087925847
329.84559284741863,0.5419922892219198,32,0.8212145000339628
126.709562712896,1.6100548903473035,10,0.4709917632417397
58.726282452079126,3.7690777180085218,10,0.2450038445339604
129.1543735897325,4.963144781072136,36,0.09052409660923211
363.910796609273,0.9463014481424716,8,0.7964546207285305
429.29126937208,2.3067244213757974,20,0.708609348920436
416.8077336378259,4.1003193591462175,32,0.5199768017898877
204.61992951304288,1.4181603558300448,14,0.6264215689353768
337.36171691961664,2.997882271860288,28,0.5741980948725779
110.44230475375228,3.7988208321335364,46,0.2449964046816498
153.6423878278965,3.2719345261708055,24,0.24370456339940116
449.20455107534866,1.3461113057693725,15,0.7665911057344381
16.370942520260655,2.0992305590858273,22,0.30031243993189166
51.89918011868936,4.027063030184287,30,0.1538614958140932
111.8642650215534,2.994019313594075,4,0.25595214742844963
23.00077989817166,0.5235332609431074,13,0.5912312875827819
98.90336319400069,3.924458420126422,23,0.28227722394403715
295.69036487514916,0.6589010972310758,8,0.7599061711716658
216.49802979032398,3.8558020222905447,18,0.33451967062545673
447.40913842771766,1.4111625207435683,12,0.7956824378583033
410.547345251836,4.811330660537211,31,0.38181835619700316
177.49050233195922,2.15573338085938,14,0.46579119017196435
137.11748238133333,1.971192273521356,34,0.4528858820363353
196.0492800019608,1.169996226496001,18,0.5169616285782794
299.24452183225577,1.875218969705967,34,0.6284314457239039
141.35118400320937,4.444928428226902,11,0.18909538873928172
315.83296484607564,4.983504519322613,41,0.22209213501994468
210.6117095737078,2.1573928872808175,12,0.45185317030665095
280.5031186174703,2.5187478392954414,49,0.507948058016844
223.70199927630517,3.749319221912317,15,0.443154459952083
154.28822217553966,4.487881012092835,31,0.23332777719294417
474.74212041145677,3.1686995038405286,49,0.5910980915724093
384.1668391382828,2.261865641800232,29,0.6822820894291416
78.65545612556174,2.356798283818807,26,0.2656104282967627
435.5493081899773,3.630281659235631,18,0.6266556949607678
248.84128714226168,0.5144821862192541,32,0.6738368359294423
448.3305911781048,3.288152018569283,22,0.6148335798842179
401.92907541418447,2.099718546986108,38,0.7582470530926831
218.3546171899244,4.073887990746879,17,0.246607639686024
21.009961076857525,0.9184578792040947,23,0.35930826390079845
141.65190609862358,3.1469102012677572,24,0.29778091965454756
275.4007651838248,2.6643780044875567,8,0.560881907286035
320.40432771481215,3.3904648665735233,41,0.4053905372836176
136.36496586226912,0.7918411751733576,6,0.4155730684394049
78.28447629568383,3.1099270434265907,5,0.2447338290325748
419.11581603165655,3.026680645817857,44,0.644034791445417
492.3570685447405,3.0229704248727693,29,0.750073113544405
267.58818932831605,3.2156944996840466,28,0.4228606712556415
94.12285006566871,3.54410571751863,11,0.2191409479580056
143.4305899944908,4.122450498563464,1,0.2888805768509317
19.0114315082587,1.7141932405769644,43,0.2541050224657912
458.0064152146445,4.212722345810279,19,0.5173081418744662
67.69803061616915,2.742150570185541,9,0.303004168093868
292.49307300198427,0.8467622561044903,27,0.730277783455787
144.28705813673093,0.7634791815979064,34,0.5424488053173961
281.54722123273876,2.0040724341322735,44,0.5828620284048035
329.19599029241346,4.032036397001604,4,0.3015759829216037
416.5734838165288,3.684564206334121,36,0.5152046425664242
111.14642316269557,4.04876734102583,18,0.22894512468783593
15.387956042655434,2.827710753987242,15,0.18350217893119725
77.07395873371556,2.4808954907997074,13,0.33193362073322474
451.0091345055715,1.1635363701782777,19,0.8569991225278787
438.20613800563245,1.976867391241902,49,0.723391938838554
302.73242006345106,2.4530871477824387,6,0.5659468938350358
304.2532616124902,0.8987019335582775,48,0.6662464399924318
335.8679705276652,1.4927537872004506,12,0.6762620278228179
95.9319265254903,3.1920138232868247,37,0.307241352676269
458.0618535032303,3.810484014076354,17,0.5848621001440165
215.19755719711583,4.992563801268274,23,0.1866146135920917
197.73787884225376,4.69900999104601,26,0.23904769995219247
264.2696755885904,3.391543397908362,29,0.4608458253295852
33.01332371977698,2.3956162398233243,33,0.19095463580857058
91.47885069047891,3.362798141187047,27,0.31315273981956904
371.6364720489215,4.035432281361044,25,0.4512805069787636
50.57134728331197,1.032512859155243,10,0.46859455802979927
305.5445336385302,2.344572003633297,47,0.6309496794574618
130.22106374384725,4.279110285360277,23,0.13372635034629624
200.7548508805685,2.2272482836986978,21,0.44255797238932143
151.45993101764293,3.0734252205223394,21,0.3296899741716238
184.27963106782508,3.144962123879892,43,0.33059574262361446
362.33249354028027,1.3301431391013772,13,0.8160650084219829
155.58964065535577,2.1300594874352976,37,0.39974508722048635
287.5382737454796,2.005300799338695,33,0.5592308548372669
243.26469707755882,0.6178851883942915,24,0.6916956298182785
335.1988710276976,0.6088629375110985,44,0.7142051009727833
469.0465722691314,4.2426366965409805,11,0.5249988670272201
368.96032763302264,1.728818644877656,17,0.7119511262077658
115.32078550947081,2.8313544480746695,4,0.3155423204828783
25.279736180029488,1.8442650811494787,47,0.3361838851200841
138.5093817069143,4.733056603019032,25,0.1387371157825925
301.5881860431249,1.6668354148959819,30,0.5591811290944884
35.19864860728267,2.433455657325208,9,0.3079327434417237
253.21946112860581,4.427286127180708,21,0.3982375019928971
302.4529959692757,4.288701050563139,20,0.37450297245213365
173.7795065003108,1.337456380308248,19,0.5512970743318636
387.74697983545275,4.111894894080697,19,0.511193628183226
62.233144035548186,2.561840990320517,12,0.2425825201761615
46.817513050546296,2.6733599243840986,37,0.36460725351861667
366.81249053976563,1.100659875871747,42,0.766862942773731
252.79074494103725,0.8627068119070609,17,0.7481129087047866
347.31717424959066,3.775726881381943,37,0.43309283633519685
223.06539591583567,2.734075185598849,48,0.540560973483842
130.73699628716236,2.465828161768308,39,0.42291195481207067
411.36013566035786,3.7827870289357852,28,0.5607334370593972
401.7137806947998,3.944808045459994,41,0.5189341988664579
350.40127071866914,1.215086754512091,35,0.7164661643637376
143.3511172426817,3.246013172649386,47,0.3787763829014367
299.2130267658527,1.1090933702495849,48,0.6953216832332966
186.87720950061313,3.8811878871307055,18,0.200404935608185
54.875215930050736,3.456298203202128,14,0.15338607252448783
459.48365197649895,4.804765794875561,35,0.46971478487930546
77.04112915029108,0.8103110736038953,44,0.5115099709481793
475.6163033721932,0.7567462451806444,41,0.897112254409134
228.54282874939832,1.7698418361194006,7,0.6125071846271415
